Benchmark,Frame_Capacity,Accesses,Frames_Used,Page_Faults,Replacements,Page_Fault_Rate_Percent,Total_Cycles
Blender,256,12369560,256,4710,4454,0.0380773,91553912000
Blender,512,12369560,512,3873,3361,0.0313107,69693912000
Blender,262144,12369560,1551,1551,0,0.0125388,2473912000
Fotonik3d,256,12890021,256,1717,1461,0.0133204,31798004200
Fotonik3d,512,12890021,512,1717,1205,0.0133204,26678004200
Fotonik3d,262144,12890021,1602,1602,0,0.0124282,2578004200
GCC,256,12473306,256,4994,4738,0.0400375,97254661200
GCC,512,12473306,512,2216,1704,0.0177659,36574661200
GCC,262144,12473306,990,990,0,0.00793695,2494661200
Imagick,256,11548820,96,96,0,0.000831254,2309764000
Imagick,512,11548820,96,96,0,0.000831254,2309764000
Imagick,262144,11548820,96,96,0,0.000831254,2309764000
LBM,256,12843431,256,2704,2448,0.0210536,51528686200
LBM,512,12843431,512,2704,2192,0.0210536,46408686200
LBM,262144,12843431,2131,2131,0,0.0165921,2568686200
MCF,256,12474523,256,40583,40327,0.325327,809034904600
MCF,512,12474523,512,9119,8607,0.073101,174634904600
MCF,262144,12474523,1597,1597,0,0.0128021,2494904600
Perlbench,256,12568037,256,20365,20109,0.162038,404693607400
Perlbench,512,12568037,512,898,386,0.00714511,10233607400
Perlbench,262144,12568037,630,630,0,0.00501272,2513607400
x264,256,11721344,234,234,0,0.00199636,2344268800
x264,512,11721344,234,234,0,0.00199636,2344268800
x264,262144,11721344,234,234,0,0.00199636,2344268800
xalancbmk,256,11972261,256,14992,14736,0.125223,297114452200
xalancbmk,512,11972261,512,14977,14465,0.125098,291694452200
xalancbmk,262144,11972261,14325,14325,0,0.119652,2394452200
xz,256,11852222,256,24048,23792,0.202899,478210444400
xz,512,11852222,512,19976,19464,0.168542,391650444400
xz,262144,11852222,8037,8037,0,0.0678101,2370444400
