Benchmark,Accesses,Frames_Used,Part1_PT_Utilization_Percent,Part1_Cycles,Part1_Hash,Part2_L1_Tables,Part2_L2_Tables,Part2_Cycles,TLB_Hits,TLB_Misses,TLB_Hit_Rate_Percent,Part3_Single_Level_Cycles,Part3_Two_Level_Cycles
Blender,12369560,1551,0.147915,4947824000,6301118069575916148,47,1551,7421736000,12362108,7452,99.9398,2487771960,2489262360
Fotonik3d,12890021,1602,0.152779,5156008400,10137137509941736082,14,1602,7734012600,12888304,1717,99.9867,2591237621,2591581021
GCC,12473306,990,0.0944138,4989322400,14777851298613679523,70,990,7483983600,12459259,14047,99.8874,2509943906,2512753306
Imagick,11548820,96,0.00915527,4619528000,8398918936944434197,5,96,6929292000,11548724,96,99.9992,2321332020,2321351220
LBM,12843431,2131,0.203228,5137372400,15766630910185595687,6,2131,7706058600,12840727,2704,99.9789,2582070431,2582611231
MCF,12474523,1597,0.152302,4989809200,8560889819576637280,13,1597,7484713800,12404926,69597,99.4421,2521298523,2535217923
Perlbench,12568037,630,0.0600815,5027214800,811776898941333851,48,630,7540822200,12511278,56759,99.5484,2537527237,2548879037
x264,11721344,234,0.022316,4688537600,1761089164923836391,11,234,7032806400,11717345,3999,99.9659,2356789944,2357589744
xalancbmk,11972261,14325,1.36614,4788904400,9990451796837608704,54,14325,7183356600,11956370,15891,99.8673,2409602661,2412780861
xz,11852222,8037,0.766468,4740888800,7533494436177899456,43,8037,7111333200,11824591,27631,99.7669,2387822822,2393349022
